"Qty";"Value";"Device";"Package";"Parts";"Description";"";
"1";"";"EHF-110-1";"20P-1MM27";"J1";"";"";
"1";"";"FFC30-0MM80L-KLS1-241D";"FFC30-0MM80-2";"J3";"";"";
"1";"";"LEDCHIP-LED0603";"CHIP-LED0603";"LED5";"LED";"";
"4";"";"LEDCHIP-LED0805";"CHIP-LED0805";"AC, LED, SATA, SYS";"LED";"";
"4";"0.1uF";"C-EUC0603";"0603";"C13, C19, C20, C24";"";"";
"1";"100";"R-EU_R0603";"0603";"R5";"RESISTOR, European symbol";"";
"4";"100K";"R-EU_R0603";"0603";"R9, R10, R13, R15";"RESISTOR, European symbol";"";
"5";"100nF";"C-EUC0603";"0603";"C3, C4, C5, C6, C10";"";"";
"3";"10K";"R-EU_R0603";"0603";"R11, R12, R14";"RESISTOR, European symbol";"";
"2";"10uF";"C-EUC0603";"0603";"C7, C9";"";"";
"1";"1117-33";"LD1117";"SOT223";"U1";"";"";
"1";"12K";"R-EU_R0603";"0603";"R16";"RESISTOR, European symbol";"";
"2";"18pF";"C-EUC0603";"0603";"C14, C15";"";"";
"1";"1M";"R-EU_R0603";"0603";"R4";"RESISTOR, European symbol";"";
"3";"1nF";"C-EUC0603";"0603";"C17, C21, C22";"";"";
"4";"1uF";"C-EUC0603";"0603";"C8, C11, C16, C23";"";"";
"2";"2.2uF";"C-EUC0603";"0603";"C12, C18";"";"";
"2";"20";"R-EU_R0603";"0603";"R1, R2";"RESISTOR, European symbol";"";
"2";"20pF";"C-EUC0603";"0603";"C1, C2";"";"";
"3";"220";"R-EU_R0603";"0603";"R6, R7, R8";"RESISTOR, European symbol";"";
"1";"24MHz";"CRYSTALS-NOGND-HC49";"HC49";"X2";"CRYSTALS CAN NOT GROUNDED";"";
"1";"4K7";"R-EU_R0603";"0603";"R3";"RESISTOR, European symbol";"";
"1";"8.0 Mhz";"CRYSTALS-NOGND-HC49";"HC49";"X1";"CRYSTALS CAN NOT GROUNDED";"";
"1";"AO3400";"MOSFET_N";"SOT23";"Q1";"";"";
"1";"STM32F103RBT6";"STM32F103RBT6";"QFP50P1200X1200X160-64N";"IC1";"STM32F103RBT6, 32 bit ARM Cortex M3 Microcontroller 72MHz 128kb Flash, 20kb RAM, USB I2C SPI 64-Pin LQFP";"";
"11";"TPB1,27";"TPB1,27";"B1,27";"5VIN, DM_DN2, DP_DN2, KBDLED+, KBDLED-, OSC1, OSC2, PRTPWR1, PRTPWR2, USBV, VDD";"Test pad";"";
"2";"TPPAD1-13";"TPPAD1-13";"P1-13";"GND, GND1";"Test pad";"";
"1";"USB2422";"USB2422";"QFN24";"U2";"";"";
